timestamp,src_ip,dst_ip,src_port,dst_port,protocol,size
2026-05-19 22:19:07,192.168.100.128,192.168.100.129,7758,80,TCP,1114
2026-05-19 22:19:11,192.168.100.128,192.168.100.129,5319,22,TCP,1257
2026-05-19 22:19:14,192.168.100.128,192.168.100.129,20191,53,UDP,560
2026-05-19 22:19:16,192.168.100.1,192.168.100.128,1496,123,UDP,1214
2026-05-19 22:19:20,192.168.100.1,192.168.100.129,53486,25,TCP,277
2026-05-19 22:19:25,192.168.100.1,192.168.100.129,34714,22,TCP,554
2026-05-19 22:19:28,192.168.100.128,192.168.100.1,18939,123,UDP,329
2026-05-19 22:19:28,192.168.100.1,192.168.100.129,19861,80,TCP,49
2026-05-19 22:19:33,192.168.100.1,192.168.100.128,58887,123,UDP,850
2026-05-19 22:19:34,192.168.100.128,192.168.100.1,41576,123,UDP,1113
2026-05-19 22:19:38,192.168.100.129,192.168.100.128,3290,25,TCP,1271
2026-05-19 22:19:42,192.168.100.129,192.168.100.128,31313,53,UDP,427
2026-05-19 22:19:43,192.168.100.128,192.168.100.1,31599,25,TCP,1164
2026-05-19 22:19:46,192.168.100.1,192.168.100.128,64417,443,TCP,813
2026-05-19 22:19:48,192.168.100.1,192.168.100.129,39470,123,UDP,713
2026-05-19 22:19:52,192.168.100.1,192.168.100.129,60344,123,UDP,1025
2026-05-19 22:19:57,192.168.100.1,192.168.100.128,12465,22,TCP,221
2026-05-19 22:20:01,192.168.100.128,192.168.100.129,58862,443,TCP,1000
2026-05-19 22:20:05,192.168.100.1,192.168.100.128,4558,22,TCP,637
2026-05-19 22:20:07,192.168.100.129,192.168.100.1,48793,80,TCP,140
2026-05-19 22:20:12,192.168.100.128,192.168.100.1,7270,123,UDP,1463
2026-05-19 22:20:14,192.168.100.1,192.168.100.129,7607,80,TCP,59
2026-05-19 22:20:18,192.168.100.1,192.168.100.129,30747,123,UDP,943
2026-05-19 22:20:22,192.168.100.1,192.168.100.129,56440,53,UDP,1053
2026-05-19 22:20:24,192.168.100.129,192.168.100.1,27653,123,UDP,916
2026-05-19 22:20:28,192.168.100.128,192.168.100.1,37902,53,UDP,42
2026-05-19 22:20:31,192.168.100.129,192.168.100.1,27244,22,TCP,116
2026-05-19 22:20:34,192.168.100.129,192.168.100.1,43318,443,TCP,944
2026-05-19 22:20:36,192.168.100.128,192.168.100.129,13095,80,TCP,116
2026-05-19 22:20:38,192.168.100.128,192.168.100.1,6641,123,UDP,532
2026-05-19 22:20:43,192.168.100.128,192.168.100.1,15508,123,UDP,1477
2026-05-19 22:20:47,192.168.100.128,192.168.100.1,38908,25,TCP,1484
2026-05-19 22:20:48,192.168.100.129,192.168.100.1,16998,53,UDP,844
2026-05-19 22:20:52,192.168.100.129,192.168.100.1,21194,22,TCP,306
2026-05-19 22:20:53,192.168.100.128,192.168.100.1,27768,53,UDP,1316
2026-05-19 22:20:57,192.168.100.129,192.168.100.128,33721,22,TCP,875
2026-05-19 22:21:00,192.168.100.128,192.168.100.1,8201,123,UDP,150
2026-05-19 22:21:03,192.168.100.1,192.168.100.129,1625,443,TCP,668
2026-05-19 22:21:05,192.168.100.1,192.168.100.128,64215,53,UDP,1479
2026-05-19 22:21:09,192.168.100.128,192.168.100.129,28564,53,UDP,1116
2026-05-19 22:21:10,192.168.100.128,192.168.100.1,29157,53,UDP,1277
2026-05-19 22:21:14,192.168.100.129,192.168.100.1,4681,25,TCP,452
2026-05-19 22:21:15,192.168.100.1,192.168.100.128,3967,80,TCP,1400
2026-05-19 22:21:19,192.168.100.129,192.168.100.128,61770,80,TCP,1497
2026-05-19 22:21:22,192.168.100.128,192.168.100.129,3171,123,UDP,777
2026-05-19 22:21:26,192.168.100.1,192.168.100.129,6832,80,TCP,1412
2026-05-19 22:21:31,192.168.100.1,192.168.100.128,34874,22,TCP,1355
2026-05-19 22:21:36,192.168.100.128,192.168.100.129,43135,123,UDP,1252
2026-05-19 22:21:37,192.168.100.1,192.168.100.129,13901,80,TCP,319
2026-05-19 22:21:41,192.168.100.1,192.168.100.128,42835,53,UDP,176
2026-05-19 22:21:42,192.168.100.1,192.168.100.128,58008,25,TCP,315
2026-05-19 22:21:44,192.168.100.128,192.168.100.129,3801,53,UDP,396
2026-05-19 22:21:44,192.168.100.129,192.168.100.128,17401,25,TCP,1312
2026-05-19 22:21:48,192.168.100.128,192.168.100.1,23218,80,TCP,476
2026-05-19 22:21:51,192.168.100.129,192.168.100.128,24290,123,UDP,1106
2026-05-19 22:21:52,192.168.100.129,192.168.100.128,56257,25,TCP,1157
2026-05-19 22:21:54,192.168.100.1,192.168.100.129,31273,80,TCP,1082
2026-05-19 22:21:59,192.168.100.1,192.168.100.128,59962,443,TCP,986
2026-05-19 22:22:02,192.168.100.129,192.168.100.128,1524,123,UDP,176
2026-05-19 22:22:05,192.168.100.128,192.168.100.1,16713,123,UDP,897
2026-05-19 22:22:09,192.168.100.129,192.168.100.128,61834,123,UDP,248
2026-05-19 22:22:11,192.168.100.128,192.168.100.1,23353,53,UDP,561
2026-05-19 22:22:16,192.168.100.128,192.168.100.129,42905,80,TCP,860
2026-05-19 22:22:17,192.168.100.1,192.168.100.129,11930,25,TCP,128
2026-05-19 22:22:18,192.168.100.129,192.168.100.1,48669,53,UDP,410
2026-05-19 22:22:22,192.168.100.1,192.168.100.128,49345,53,UDP,1083
2026-05-19 22:22:27,192.168.100.1,192.168.100.128,15678,22,TCP,595
2026-05-19 22:22:29,192.168.100.1,192.168.100.128,29352,25,TCP,118
2026-05-19 22:22:31,192.168.100.128,192.168.100.1,7358,22,TCP,1246
2026-05-19 22:22:35,192.168.100.129,192.168.100.128,2438,25,TCP,423
2026-05-19 22:22:35,192.168.100.128,192.168.100.129,16187,443,TCP,1257
2026-05-19 22:22:39,192.168.100.129,192.168.100.1,44483,22,TCP,352
2026-05-19 22:22:41,192.168.100.129,192.168.100.1,54186,123,UDP,248
2026-05-19 22:22:42,192.168.100.1,192.168.100.129,58021,25,TCP,421
2026-05-19 22:22:44,192.168.100.128,192.168.100.129,59717,22,TCP,664
2026-05-19 22:22:47,192.168.100.128,192.168.100.129,38956,53,UDP,235
2026-05-19 22:22:52,192.168.100.129,192.168.100.1,5713,53,UDP,1144
2026-05-19 22:22:53,192.168.100.1,192.168.100.128,55837,53,UDP,400
2026-05-19 22:22:55,192.168.100.129,192.168.100.128,61403,53,UDP,1201
2026-05-19 22:22:57,192.168.100.1,192.168.100.129,54332,443,TCP,1092
2026-05-19 22:23:02,192.168.100.1,192.168.100.128,15857,123,UDP,467
2026-05-19 22:23:02,192.168.100.128,192.168.100.1,52494,443,TCP,777
2026-05-19 22:23:04,192.168.100.1,192.168.100.128,53651,123,UDP,75
2026-05-19 22:23:09,192.168.100.129,192.168.100.128,22283,53,UDP,937
2026-05-19 22:23:10,192.168.100.128,192.168.100.1,40375,25,TCP,1425
2026-05-19 22:23:13,192.168.100.128,192.168.100.1,50765,25,TCP,239
2026-05-19 22:23:14,192.168.100.1,192.168.100.128,49415,53,UDP,198
2026-05-19 22:23:17,192.168.100.1,192.168.100.128,8573,123,UDP,1216
2026-05-19 22:23:18,192.168.100.1,192.168.100.128,59618,53,UDP,856
2026-05-19 22:23:19,192.168.100.129,192.168.100.1,46493,53,UDP,1380
2026-05-19 22:23:24,192.168.100.128,192.168.100.129,13353,80,TCP,760
2026-05-19 22:23:25,192.168.100.128,192.168.100.129,12775,443,TCP,404
2026-05-19 22:23:26,192.168.100.1,192.168.100.129,28637,80,TCP,950
2026-05-19 22:23:30,192.168.100.129,192.168.100.1,2036,123,UDP,256
2026-05-19 22:23:31,192.168.100.1,192.168.100.129,18861,443,TCP,1120
2026-05-19 22:23:32,192.168.100.1,192.168.100.128,59951,53,UDP,252
2026-05-19 22:23:33,192.168.100.128,192.168.100.129,32510,123,UDP,1434
2026-05-19 22:23:37,192.168.100.128,192.168.100.1,48652,80,TCP,1411
2026-05-19 22:23:40,192.168.100.128,192.168.100.1,34204,443,TCP,134
2026-05-19 22:23:42,192.168.100.129,192.168.100.128,15315,53,UDP,1067
2026-05-19 22:23:44,192.168.100.129,192.168.100.1,8255,25,TCP,476
2026-05-19 22:23:48,192.168.100.128,192.168.100.129,64554,123,UDP,1416
2026-05-19 22:23:52,192.168.100.128,192.168.100.1,13638,22,TCP,1326
2026-05-19 22:23:57,192.168.100.129,192.168.100.1,21764,443,TCP,63
2026-05-19 22:23:59,192.168.100.128,192.168.100.129,59602,123,UDP,67
2026-05-19 22:24:03,192.168.100.129,192.168.100.128,13045,53,UDP,1138
2026-05-19 22:24:07,192.168.100.128,192.168.100.1,23154,123,UDP,69
2026-05-19 22:24:09,192.168.100.1,192.168.100.129,45416,123,UDP,556
2026-05-19 22:24:11,192.168.100.1,192.168.100.129,23412,25,TCP,1257
2026-05-19 22:24:12,192.168.100.128,192.168.100.129,56904,22,TCP,518
2026-05-19 22:24:13,192.168.100.1,192.168.100.129,35804,443,TCP,219
2026-05-19 22:24:16,192.168.100.1,192.168.100.128,15652,53,UDP,613
2026-05-19 22:24:17,192.168.100.129,192.168.100.1,15492,53,UDP,555
2026-05-19 22:24:19,192.168.100.128,192.168.100.1,38937,123,UDP,1026
2026-05-19 22:24:20,192.168.100.128,192.168.100.1,34959,25,TCP,1119
2026-05-19 22:24:23,192.168.100.129,192.168.100.1,48613,53,UDP,597
2026-05-19 22:24:25,192.168.100.1,192.168.100.128,1308,53,UDP,1408
2026-05-19 22:24:26,192.168.100.128,192.168.100.1,39573,80,TCP,797
2026-05-19 22:24:29,192.168.100.1,192.168.100.129,18841,443,TCP,137
2026-05-19 22:24:31,192.168.100.1,192.168.100.128,37187,25,TCP,1462
2026-05-19 22:24:36,192.168.100.1,192.168.100.128,60778,443,TCP,524
2026-05-19 22:24:36,192.168.100.1,192.168.100.128,51536,25,TCP,1165
2026-05-19 22:24:39,192.168.100.1,192.168.100.128,9930,80,TCP,1340
2026-05-19 22:24:43,192.168.100.128,192.168.100.1,21616,53,UDP,595
2026-05-19 22:24:47,192.168.100.1,192.168.100.129,16908,443,TCP,64
2026-05-19 22:24:48,192.168.100.129,192.168.100.1,20480,22,TCP,1313
2026-05-19 22:24:51,192.168.100.129,192.168.100.128,21934,22,TCP,121
2026-05-19 22:24:52,192.168.100.129,192.168.100.128,39255,53,UDP,1247
2026-05-19 22:24:55,192.168.100.128,192.168.100.129,24011,123,UDP,898
2026-05-19 22:24:58,192.168.100.129,192.168.100.1,48449,22,TCP,371
2026-05-19 22:25:02,192.168.100.128,192.168.100.1,3315,25,TCP,822
2026-05-19 22:25:05,192.168.100.1,192.168.100.128,58344,123,UDP,285
2026-05-19 22:25:08,192.168.100.128,192.168.100.1,1369,80,TCP,251
2026-05-19 22:25:09,192.168.100.1,192.168.100.129,41542,80,TCP,632
2026-05-19 22:25:13,192.168.100.1,192.168.100.128,25326,443,TCP,874
2026-05-19 22:25:17,192.168.100.129,192.168.100.1,62804,123,UDP,461
2026-05-19 22:25:20,192.168.100.128,192.168.100.129,20962,443,TCP,1251
2026-05-19 22:25:24,192.168.100.1,192.168.100.129,54134,53,UDP,433
2026-05-19 22:25:28,192.168.100.128,192.168.100.1,38631,123,UDP,1442
2026-05-19 22:25:30,192.168.100.129,192.168.100.1,20530,80,TCP,464
2026-05-19 22:25:32,192.168.100.1,192.168.100.129,41332,53,UDP,1371
2026-05-19 22:25:34,192.168.100.1,192.168.100.129,14305,443,TCP,874
2026-05-19 22:25:39,192.168.100.128,192.168.100.129,23238,123,UDP,105
2026-05-19 22:25:43,192.168.100.129,192.168.100.128,64409,25,TCP,136
2026-05-19 22:25:46,192.168.100.128,192.168.100.1,49245,22,TCP,919
2026-05-19 22:25:50,192.168.100.1,192.168.100.129,2162,53,UDP,440
2026-05-19 22:25:53,192.168.100.129,192.168.100.128,48426,22,TCP,1360
2026-05-19 22:25:55,192.168.100.1,192.168.100.128,9759,53,UDP,557
2026-05-19 22:25:56,192.168.100.1,192.168.100.128,5339,80,TCP,1008
2026-05-19 22:25:59,192.168.100.129,192.168.100.128,15743,25,TCP,1206
2026-05-19 22:26:04,192.168.100.129,192.168.100.128,14809,25,TCP,1224
2026-05-19 22:26:05,192.168.100.129,192.168.100.1,50723,80,TCP,1365
2026-05-19 22:26:07,192.168.100.129,192.168.100.128,37075,53,UDP,233
2026-05-19 22:26:09,192.168.100.128,192.168.100.1,58797,22,TCP,1041
2026-05-19 22:26:10,192.168.100.1,192.168.100.129,18997,53,UDP,934
2026-05-19 22:26:13,192.168.100.128,192.168.100.129,5990,123,UDP,302
2026-05-19 22:26:16,192.168.100.1,192.168.100.128,44966,443,TCP,1083
2026-05-19 22:26:17,192.168.100.1,192.168.100.128,18295,53,UDP,278
2026-05-19 22:26:19,192.168.100.129,192.168.100.1,25742,53,UDP,282
2026-05-19 22:26:21,192.168.100.129,192.168.100.1,55277,123,UDP,469
2026-05-19 22:26:23,192.168.100.1,192.168.100.128,3213,443,TCP,371
2026-05-19 22:26:25,192.168.100.128,192.168.100.1,48199,22,TCP,750
2026-05-19 22:26:29,192.168.100.128,192.168.100.1,26004,80,TCP,74
2026-05-19 22:26:34,192.168.100.129,192.168.100.1,14068,53,UDP,681
2026-05-19 22:26:37,192.168.100.1,192.168.100.128,59894,123,UDP,1234
2026-05-19 22:26:39,192.168.100.1,192.168.100.128,47384,53,UDP,1112
2026-05-19 22:26:40,192.168.100.1,192.168.100.128,23004,53,UDP,1060
2026-05-19 22:26:41,192.168.100.1,192.168.100.128,43138,80,TCP,607
2026-05-19 22:26:43,192.168.100.129,192.168.100.128,45602,22,TCP,670
2026-05-19 22:26:48,192.168.100.1,192.168.100.129,19453,22,TCP,317
2026-05-19 22:26:51,192.168.100.129,192.168.100.128,16483,80,TCP,764
2026-05-19 22:26:55,192.168.100.129,192.168.100.128,39152,22,TCP,434
2026-05-19 22:26:57,192.168.100.129,192.168.100.128,35119,80,TCP,1439
2026-05-19 22:27:01,192.168.100.129,192.168.100.1,12502,53,UDP,575
2026-05-19 22:27:05,192.168.100.128,192.168.100.129,22477,25,TCP,1316
2026-05-19 22:27:10,192.168.100.129,192.168.100.1,31769,53,UDP,759
2026-05-19 22:27:11,192.168.100.1,192.168.100.129,25689,443,TCP,1180
2026-05-19 22:27:13,192.168.100.128,192.168.100.1,14712,53,UDP,277
2026-05-19 22:27:17,192.168.100.129,192.168.100.128,15247,22,TCP,1296
2026-05-19 22:27:20,192.168.100.128,192.168.100.129,56370,25,TCP,1419
2026-05-19 22:27:21,192.168.100.1,192.168.100.128,35450,22,TCP,1260
2026-05-19 22:27:22,192.168.100.129,192.168.100.1,49412,25,TCP,775
2026-05-19 22:27:24,192.168.100.129,192.168.100.128,58078,22,TCP,828
2026-05-19 22:27:28,192.168.100.128,192.168.100.1,63072,123,UDP,712
2026-05-19 22:27:30,192.168.100.128,192.168.100.1,39791,22,TCP,967
2026-05-19 22:27:31,192.168.100.128,192.168.100.1,10918,443,TCP,83
2026-05-19 22:27:33,192.168.100.1,192.168.100.129,38122,53,UDP,1401
2026-05-19 22:27:37,192.168.100.129,192.168.100.1,27822,443,TCP,740
2026-05-19 22:27:38,192.168.100.129,192.168.100.1,61532,80,TCP,42
2026-05-19 22:27:42,192.168.100.128,192.168.100.129,46732,22,TCP,793
2026-05-19 22:27:43,192.168.100.128,192.168.100.129,62783,80,TCP,856
2026-05-19 22:27:43,192.168.100.128,192.168.100.1,54560,25,TCP,418
2026-05-19 22:27:45,192.168.100.129,192.168.100.128,10854,123,UDP,108
2026-05-19 22:27:49,192.168.100.129,192.168.100.128,55120,80,TCP,53
2026-05-19 22:27:53,192.168.100.129,192.168.100.1,23902,443,TCP,120
2026-05-19 22:27:56,192.168.100.128,192.168.100.129,60355,25,TCP,697
2026-05-19 22:27:59,192.168.100.128,192.168.100.129,17303,123,UDP,276
2026-05-19 22:28:02,192.168.100.1,192.168.100.129,14077,123,UDP,1390
2026-05-19 22:28:07,192.168.100.1,192.168.100.128,22928,53,UDP,720
2026-05-19 22:28:08,192.168.100.128,192.168.100.129,45570,25,TCP,369
2026-05-19 22:28:10,192.168.100.128,192.168.100.129,6248,53,UDP,659
2026-05-19 22:28:13,192.168.100.1,192.168.100.129,23438,443,TCP,376
2026-05-19 22:28:16,192.168.100.129,192.168.100.128,7179,22,TCP,240
2026-05-19 22:28:16,192.168.100.129,192.168.100.128,1548,53,UDP,122
2026-05-19 22:28:19,192.168.100.1,192.168.100.129,10420,80,TCP,879
2026-05-19 22:28:20,192.168.100.1,192.168.100.129,14502,25,TCP,268
2026-05-19 22:28:21,192.168.100.128,192.168.100.129,9332,443,TCP,179
2026-05-19 22:28:23,192.168.100.129,192.168.100.1,37507,25,TCP,364
2026-05-19 22:28:27,192.168.100.129,192.168.100.128,39205,80,TCP,196
2026-05-19 22:28:29,192.168.100.1,192.168.100.129,51889,123,UDP,235
2026-05-19 22:28:34,192.168.100.129,192.168.100.1,47772,22,TCP,970
2026-05-19 22:28:39,192.168.100.1,192.168.100.128,48453,123,UDP,1436
2026-05-19 22:28:42,192.168.100.1,192.168.100.129,50103,80,TCP,759
2026-05-19 22:28:45,192.168.100.1,192.168.100.128,43920,123,UDP,81
2026-05-19 22:28:47,192.168.100.129,192.168.100.1,1703,443,TCP,821
2026-05-19 22:28:49,192.168.100.1,192.168.100.128,1986,25,TCP,685
2026-05-19 22:28:54,192.168.100.128,192.168.100.1,8916,53,UDP,1441
2026-05-19 22:28:58,192.168.100.1,192.168.100.128,50956,443,TCP,1133
2026-05-19 22:29:00,192.168.100.129,192.168.100.128,50869,25,TCP,1230
2026-05-19 22:29:03,192.168.100.128,192.168.100.1,35556,22,TCP,60
2026-05-19 22:29:07,192.168.100.129,192.168.100.1,28857,53,UDP,283
2026-05-19 22:29:08,192.168.100.128,192.168.100.1,40431,53,UDP,1258
2026-05-19 22:29:11,192.168.100.128,192.168.100.1,59556,443,TCP,1476
2026-05-19 22:29:13,192.168.100.129,192.168.100.1,42377,80,TCP,908
2026-05-19 22:29:15,192.168.100.129,192.168.100.128,39672,443,TCP,705
2026-05-19 22:29:19,192.168.100.128,192.168.100.129,46337,123,UDP,1473
2026-05-19 22:29:20,192.168.100.1,192.168.100.128,41879,123,UDP,1094
2026-05-19 22:29:25,192.168.100.129,192.168.100.128,43149,123,UDP,912
2026-05-19 22:29:27,192.168.100.129,192.168.100.128,11196,53,UDP,734
2026-05-19 22:29:28,192.168.100.129,192.168.100.128,36447,22,TCP,1450
2026-05-19 22:29:31,192.168.100.1,192.168.100.128,37119,25,TCP,1322
2026-05-19 22:29:34,192.168.100.128,192.168.100.1,20581,123,UDP,1020
2026-05-19 22:29:37,192.168.100.129,192.168.100.128,30408,25,TCP,665
2026-05-19 22:29:39,192.168.100.128,192.168.100.129,39989,25,TCP,46
2026-05-19 22:29:41,192.168.100.128,192.168.100.1,12376,443,TCP,620
2026-05-19 22:29:42,192.168.100.1,192.168.100.129,44304,443,TCP,1412
2026-05-19 22:29:45,192.168.100.1,192.168.100.129,33670,443,TCP,692
2026-05-19 22:29:46,192.168.100.128,192.168.100.129,40693,25,TCP,1018
2026-05-19 22:29:51,192.168.100.128,192.168.100.1,54997,443,TCP,129
2026-05-19 22:29:53,192.168.100.1,192.168.100.128,26204,80,TCP,962
2026-05-19 22:29:54,192.168.100.1,192.168.100.128,8258,53,UDP,1157
2026-05-19 22:29:54,192.168.100.129,192.168.100.1,9466,25,TCP,1240
2026-05-19 22:29:59,192.168.100.1,192.168.100.129,33033,25,TCP,307
2026-05-19 22:30:00,192.168.100.128,192.168.100.1,31125,22,TCP,444
2026-05-19 22:30:04,192.168.100.1,192.168.100.129,62692,22,TCP,1040
2026-05-19 22:30:08,192.168.100.1,192.168.100.128,49289,25,TCP,757
2026-05-19 22:30:08,192.168.100.1,192.168.100.128,55803,443,TCP,119
2026-05-19 22:30:11,192.168.100.1,192.168.100.128,56769,443,TCP,933
2026-05-19 22:30:16,192.168.100.1,192.168.100.129,27009,443,TCP,145
2026-05-19 22:30:19,192.168.100.129,192.168.100.128,45763,80,TCP,972
2026-05-19 22:30:23,192.168.100.129,192.168.100.128,48587,80,TCP,727
2026-05-19 22:30:24,192.168.100.128,192.168.100.129,21808,25,TCP,872
2026-05-19 22:30:27,192.168.100.128,192.168.100.1,57082,123,UDP,1403
2026-05-19 22:30:29,192.168.100.128,192.168.100.129,63639,443,TCP,622
2026-05-19 22:30:33,192.168.100.128,192.168.100.129,48106,53,UDP,912
2026-05-19 22:30:37,192.168.100.129,192.168.100.1,19862,123,UDP,1313
2026-05-19 22:30:41,192.168.100.128,192.168.100.1,5742,80,TCP,1422
2026-05-19 22:30:45,192.168.100.1,192.168.100.128,50719,22,TCP,871
2026-05-19 22:30:47,192.168.100.129,192.168.100.1,59844,80,TCP,1052
2026-05-19 22:30:48,192.168.100.129,192.168.100.128,61841,22,TCP,321
2026-05-19 22:30:53,192.168.100.128,192.168.100.1,64033,123,UDP,646
2026-05-19 22:30:55,192.168.100.128,192.168.100.129,59685,53,UDP,196
2026-05-19 22:30:58,192.168.100.128,192.168.100.129,10924,25,TCP,811
2026-05-19 22:31:00,192.168.100.128,192.168.100.129,56278,53,UDP,1337
2026-05-19 22:31:02,192.168.100.129,192.168.100.1,58968,53,UDP,912
2026-05-19 22:31:05,192.168.100.128,192.168.100.1,5022,22,TCP,963
2026-05-19 22:31:10,192.168.100.1,192.168.100.128,62836,443,TCP,64
2026-05-19 22:31:10,192.168.100.129,192.168.100.1,46337,123,UDP,696
2026-05-19 22:31:14,192.168.100.129,192.168.100.1,4728,80,TCP,541
2026-05-19 22:31:18,192.168.100.128,192.168.100.1,27331,123,UDP,1094
2026-05-19 22:31:22,192.168.100.1,192.168.100.129,4542,443,TCP,343
2026-05-19 22:31:23,192.168.100.1,192.168.100.129,40968,22,TCP,1179
2026-05-19 22:31:26,192.168.100.1,192.168.100.129,50835,25,TCP,113
2026-05-19 22:31:27,192.168.100.129,192.168.100.1,36922,25,TCP,800
2026-05-19 22:31:31,192.168.100.128,192.168.100.129,3096,443,TCP,407
2026-05-19 22:31:34,192.168.100.129,192.168.100.128,28499,123,UDP,1133
2026-05-19 22:31:35,192.168.100.129,192.168.100.1,30533,80,TCP,140
2026-05-19 22:31:38,192.168.100.1,192.168.100.129,18480,80,TCP,50
2026-05-19 22:31:40,192.168.100.1,192.168.100.129,25011,80,TCP,868
2026-05-19 22:31:42,192.168.100.129,192.168.100.1,43024,25,TCP,1154
2026-05-19 22:31:42,192.168.100.1,192.168.100.129,26156,53,UDP,108
2026-05-19 22:31:45,192.168.100.1,192.168.100.129,22587,22,TCP,748
2026-05-19 22:31:46,192.168.100.128,192.168.100.129,51038,53,UDP,555
2026-05-19 22:31:50,192.168.100.1,192.168.100.129,30450,53,UDP,947
2026-05-19 22:31:54,192.168.100.129,192.168.100.128,10193,80,TCP,1103
2026-05-19 22:31:55,192.168.100.128,192.168.100.129,54675,443,TCP,1380
2026-05-19 22:32:00,192.168.100.129,192.168.100.128,57675,53,UDP,196
2026-05-19 22:32:04,192.168.100.128,192.168.100.1,31878,25,TCP,452
2026-05-19 22:32:08,192.168.100.129,192.168.100.1,35104,22,TCP,172
2026-05-19 22:32:09,192.168.100.129,192.168.100.128,4023,80,TCP,746
2026-05-19 22:32:13,192.168.100.128,192.168.100.129,60995,22,TCP,210
2026-05-19 22:32:15,192.168.100.128,192.168.100.129,28656,123,UDP,167
2026-05-19 22:32:20,192.168.100.129,192.168.100.1,37749,123,UDP,861
2026-05-19 22:32:20,192.168.100.128,192.168.100.1,55530,443,TCP,121
2026-05-19 22:32:21,192.168.100.1,192.168.100.128,33854,80,TCP,64
2026-05-19 22:32:23,192.168.100.1,192.168.100.128,61573,22,TCP,719
2026-05-19 22:32:24,192.168.100.128,192.168.100.1,27024,25,TCP,872
2026-05-19 22:32:25,192.168.100.129,192.168.100.1,25389,443,TCP,1481
2026-05-19 22:32:25,192.168.100.128,192.168.100.1,58672,53,UDP,1401
2026-05-19 22:32:29,192.168.100.129,192.168.100.1,18205,25,TCP,1000
2026-05-19 22:32:30,192.168.100.128,192.168.100.129,11478,80,TCP,1345
2026-05-19 22:32:34,192.168.100.129,192.168.100.128,41491,123,UDP,1337
2026-05-19 22:32:39,192.168.100.129,192.168.100.1,59008,443,TCP,146
2026-05-19 22:32:43,192.168.100.1,192.168.100.129,2957,53,UDP,1338
2026-05-19 22:32:48,192.168.100.1,192.168.100.129,37393,22,TCP,283
2026-05-19 22:32:49,192.168.100.1,192.168.100.129,61679,25,TCP,138
2026-05-19 22:32:54,192.168.100.128,192.168.100.1,35846,443,TCP,459
2026-05-19 22:32:58,192.168.100.128,192.168.100.129,54032,22,TCP,233
2026-05-19 22:33:03,192.168.100.1,192.168.100.128,52009,80,TCP,136
2026-05-19 22:33:04,192.168.100.1,192.168.100.128,49300,443,TCP,692
2026-05-19 22:33:06,192.168.100.1,192.168.100.129,27709,53,UDP,471
2026-05-19 22:33:10,192.168.100.1,192.168.100.128,54274,443,TCP,993
2026-05-19 22:33:14,192.168.100.1,192.168.100.128,19720,123,UDP,1235
2026-05-19 22:33:15,192.168.100.128,192.168.100.129,52723,25,TCP,799
2026-05-19 22:33:17,192.168.100.1,192.168.100.129,2537,123,UDP,586
2026-05-19 22:33:20,192.168.100.129,192.168.100.1,4191,80,TCP,536
2026-05-19 22:33:23,192.168.100.1,192.168.100.128,9591,443,TCP,705
2026-05-19 22:33:25,192.168.100.128,192.168.100.129,4429,53,UDP,857
2026-05-19 22:33:26,192.168.100.128,192.168.100.1,14143,80,TCP,513
2026-05-19 22:33:29,192.168.100.129,192.168.100.128,20344,80,TCP,1384
2026-05-19 22:33:32,192.168.100.1,192.168.100.129,21187,80,TCP,1001
2026-05-19 22:33:36,192.168.100.1,192.168.100.128,13375,53,UDP,971
2026-05-19 22:33:40,192.168.100.1,192.168.100.128,4858,80,TCP,1404
2026-05-19 22:33:41,192.168.100.129,192.168.100.1,13783,22,TCP,543
2026-05-19 22:33:42,192.168.100.129,192.168.100.128,46624,53,UDP,1000
2026-05-19 22:33:44,192.168.100.129,192.168.100.128,25827,22,TCP,497
2026-05-19 22:33:49,192.168.100.128,192.168.100.129,6369,53,UDP,231
2026-05-19 22:33:53,192.168.100.1,192.168.100.128,10485,443,TCP,332
2026-05-19 22:33:55,192.168.100.129,192.168.100.128,63342,22,TCP,543
2026-05-19 22:33:57,192.168.100.1,192.168.100.128,26954,25,TCP,218
2026-05-19 22:33:59,192.168.100.1,192.168.100.128,29206,53,UDP,87
2026-05-19 22:34:01,192.168.100.1,192.168.100.129,4751,53,UDP,168
2026-05-19 22:34:04,192.168.100.129,192.168.100.1,61420,22,TCP,787
2026-05-19 22:34:06,192.168.100.128,192.168.100.1,42562,123,UDP,1425
2026-05-19 22:34:11,192.168.100.1,192.168.100.128,46521,22,TCP,305
2026-05-19 22:34:11,192.168.100.128,192.168.100.129,37328,53,UDP,1174
2026-05-19 22:34:14,192.168.100.129,192.168.100.128,3788,53,UDP,507
2026-05-19 22:34:16,192.168.100.129,192.168.100.1,17190,22,TCP,1030
2026-05-19 22:34:19,192.168.100.1,192.168.100.128,5100,443,TCP,1239
2026-05-19 22:34:20,192.168.100.128,192.168.100.1,18720,53,UDP,910
2026-05-19 22:34:24,192.168.100.128,192.168.100.129,10107,25,TCP,527
2026-05-19 22:34:27,192.168.100.128,192.168.100.1,29819,80,TCP,1394
2026-05-19 22:34:28,192.168.100.128,192.168.100.1,14128,22,TCP,1400
2026-05-19 22:34:32,192.168.100.129,192.168.100.128,46292,22,TCP,479
2026-05-19 22:34:35,192.168.100.128,192.168.100.129,28655,123,UDP,497
2026-05-19 22:34:38,192.168.100.128,192.168.100.129,62971,53,UDP,1476
2026-05-19 22:34:39,192.168.100.128,192.168.100.1,33758,22,TCP,405
2026-05-19 22:34:41,192.168.100.1,192.168.100.128,5982,53,UDP,1341
2026-05-19 22:34:43,192.168.100.128,192.168.100.129,18071,443,TCP,1446
2026-05-19 22:34:44,192.168.100.129,192.168.100.1,16992,22,TCP,1037
2026-05-19 22:34:48,192.168.100.129,192.168.100.128,36792,443,TCP,1409
2026-05-19 22:34:49,192.168.100.128,192.168.100.129,23308,443,TCP,491
2026-05-19 22:34:54,192.168.100.129,192.168.100.1,56946,53,UDP,823
2026-05-19 22:34:58,192.168.100.129,192.168.100.1,49536,80,TCP,1165
2026-05-19 22:35:00,192.168.100.129,192.168.100.1,36106,22,TCP,96
2026-05-19 22:35:02,192.168.100.129,192.168.100.128,62275,25,TCP,498
2026-05-19 22:35:05,192.168.100.129,192.168.100.1,51441,22,TCP,1298
2026-05-19 22:35:08,192.168.100.1,192.168.100.128,9184,53,UDP,1180
2026-05-19 22:35:12,192.168.100.129,192.168.100.1,57540,53,UDP,763
2026-05-19 22:35:16,192.168.100.1,192.168.100.129,21929,123,UDP,540
2026-05-19 22:35:20,192.168.100.128,192.168.100.129,52303,22,TCP,1420
2026-05-19 22:35:24,192.168.100.129,192.168.100.1,56396,123,UDP,1234
2026-05-19 22:35:28,192.168.100.129,192.168.100.1,2912,22,TCP,1457
2026-05-19 22:35:30,192.168.100.129,192.168.100.1,44496,22,TCP,706
2026-05-19 22:35:32,192.168.100.129,192.168.100.1,63328,22,TCP,1205
2026-05-19 22:35:35,192.168.100.128,192.168.100.129,56979,22,TCP,130
2026-05-19 22:35:36,192.168.100.1,192.168.100.128,22179,22,TCP,807
2026-05-19 22:35:41,192.168.100.1,192.168.100.128,38415,53,UDP,920
2026-05-19 22:35:43,192.168.100.129,192.168.100.1,62042,25,TCP,1252
2026-05-19 22:35:46,192.168.100.1,192.168.100.128,21203,25,TCP,1438
2026-05-19 22:35:49,192.168.100.129,192.168.100.128,18531,80,TCP,329
2026-05-19 22:35:50,192.168.100.129,192.168.100.1,55811,22,TCP,1195
2026-05-19 22:35:54,192.168.100.128,192.168.100.129,19711,80,TCP,1260
2026-05-19 22:35:58,192.168.100.128,192.168.100.129,59231,443,TCP,377
2026-05-19 22:36:00,192.168.100.1,192.168.100.128,29964,53,UDP,381
2026-05-19 22:36:02,192.168.100.129,192.168.100.128,35298,22,TCP,80
2026-05-19 22:36:05,192.168.100.128,192.168.100.129,62456,25,TCP,1008
2026-05-19 22:36:09,192.168.100.129,192.168.100.1,9404,22,TCP,375
2026-05-19 22:36:14,192.168.100.128,192.168.100.1,38218,22,TCP,1105
2026-05-19 22:36:16,192.168.100.128,192.168.100.129,43228,22,TCP,970
2026-05-19 22:36:21,192.168.100.128,192.168.100.1,57149,53,UDP,547
2026-05-19 22:36:24,192.168.100.128,192.168.100.129,5591,123,UDP,1218
2026-05-19 22:36:29,192.168.100.129,192.168.100.128,64155,53,UDP,698
2026-05-19 22:36:30,192.168.100.1,192.168.100.128,32989,53,UDP,585
2026-05-19 22:36:32,192.168.100.128,192.168.100.1,17085,443,TCP,92
2026-05-19 22:36:35,192.168.100.128,192.168.100.1,35259,443,TCP,1378
2026-05-19 22:36:39,192.168.100.128,192.168.100.129,49678,80,TCP,1475
2026-05-19 22:36:39,192.168.100.129,192.168.100.128,5104,53,UDP,881
2026-05-19 22:36:42,192.168.100.129,192.168.100.1,27977,25,TCP,206
2026-05-19 22:36:44,192.168.100.128,192.168.100.1,39242,25,TCP,553
2026-05-19 22:36:46,192.168.100.128,192.168.100.1,28058,25,TCP,677
2026-05-19 22:36:49,192.168.100.1,192.168.100.128,30196,22,TCP,410
2026-05-19 22:36:51,192.168.100.128,192.168.100.1,63911,123,UDP,289
2026-05-19 22:36:52,192.168.100.128,192.168.100.1,31950,53,UDP,576
2026-05-19 22:36:53,192.168.100.129,192.168.100.1,65396,53,UDP,1167
2026-05-19 22:36:56,192.168.100.1,192.168.100.128,4254,22,TCP,103
2026-05-19 22:37:01,192.168.100.1,192.168.100.129,10906,25,TCP,610
2026-05-19 22:37:03,192.168.100.128,192.168.100.1,64088,80,TCP,196
2026-05-19 22:37:07,192.168.100.1,192.168.100.129,47682,80,TCP,446
2026-05-19 22:37:10,192.168.100.128,192.168.100.129,18507,80,TCP,98
2026-05-19 22:37:12,192.168.100.128,192.168.100.129,62707,123,UDP,1030
2026-05-19 22:37:13,192.168.100.1,192.168.100.129,33148,22,TCP,1113
2026-05-19 22:37:17,192.168.100.129,192.168.100.1,30929,22,TCP,1132
2026-05-19 22:37:19,192.168.100.129,192.168.100.128,38853,80,TCP,296
2026-05-19 22:37:20,192.168.100.1,192.168.100.129,38022,53,UDP,1149
2026-05-19 22:37:21,192.168.100.128,192.168.100.1,32525,22,TCP,168
2026-05-19 22:37:24,192.168.100.129,192.168.100.128,2495,53,UDP,279
2026-05-19 22:37:29,192.168.100.129,192.168.100.1,60220,53,UDP,217
2026-05-19 22:37:32,192.168.100.128,192.168.100.129,56751,22,TCP,676
2026-05-19 22:37:34,192.168.100.1,192.168.100.128,60247,25,TCP,359
2026-05-19 22:37:37,192.168.100.129,192.168.100.128,39773,123,UDP,1430
2026-05-19 22:37:39,192.168.100.128,192.168.100.129,7891,22,TCP,496
2026-05-19 22:37:44,192.168.100.1,192.168.100.129,54361,123,UDP,458
2026-05-19 22:37:47,192.168.100.1,192.168.100.129,40162,22,TCP,1209
2026-05-19 22:37:48,192.168.100.128,192.168.100.129,36511,22,TCP,631
2026-05-19 22:37:49,192.168.100.1,192.168.100.128,21648,443,TCP,327
2026-05-19 22:37:51,192.168.100.129,192.168.100.1,14867,80,TCP,271
2026-05-19 22:37:52,192.168.100.1,192.168.100.129,55408,80,TCP,302
2026-05-19 22:37:55,192.168.100.129,192.168.100.1,44240,22,TCP,726
2026-05-19 22:37:59,192.168.100.1,192.168.100.128,30996,123,UDP,1185
2026-05-19 22:38:01,192.168.100.129,192.168.100.1,63880,80,TCP,162
2026-05-19 22:38:03,192.168.100.1,192.168.100.128,21873,25,TCP,806
2026-05-19 22:38:05,192.168.100.1,192.168.100.128,43747,53,UDP,1242
2026-05-19 22:38:07,192.168.100.129,192.168.100.128,42656,80,TCP,651
2026-05-19 22:38:08,192.168.100.129,192.168.100.1,56246,22,TCP,445
2026-05-19 22:38:12,192.168.100.1,192.168.100.128,53761,80,TCP,369
2026-05-19 22:38:13,192.168.100.1,192.168.100.129,30696,123,UDP,1199
2026-05-19 22:38:17,192.168.100.1,192.168.100.128,62650,22,TCP,1103
2026-05-19 22:38:19,192.168.100.129,192.168.100.128,31302,123,UDP,1404
2026-05-19 22:38:23,192.168.100.128,192.168.100.129,56778,443,TCP,466
2026-05-19 22:38:27,192.168.100.129,192.168.100.1,52969,80,TCP,1007
2026-05-19 22:38:30,192.168.100.129,192.168.100.128,63033,22,TCP,1422
2026-05-19 22:38:32,192.168.100.1,192.168.100.129,42453,22,TCP,114
2026-05-19 22:38:34,192.168.100.129,192.168.100.128,8425,443,TCP,856
2026-05-19 22:38:37,192.168.100.129,192.168.100.1,18843,123,UDP,1432
2026-05-19 22:38:41,192.168.100.1,192.168.100.128,40284,22,TCP,516
2026-05-19 22:38:45,192.168.100.1,192.168.100.129,20695,53,UDP,244
2026-05-19 22:38:49,192.168.100.1,192.168.100.129,31970,123,UDP,759
2026-05-19 22:38:52,192.168.100.129,192.168.100.1,7037,53,UDP,330
2026-05-19 22:38:53,192.168.100.1,192.168.100.129,38629,80,TCP,451
2026-05-19 22:38:56,192.168.100.129,192.168.100.1,10778,53,UDP,432
2026-05-19 22:39:01,192.168.100.1,192.168.100.128,43075,443,TCP,483
2026-05-19 22:39:04,192.168.100.128,192.168.100.129,64876,123,UDP,675
2026-05-19 22:39:07,192.168.100.128,192.168.100.129,10783,123,UDP,1143
2026-05-19 22:39:11,192.168.100.129,192.168.100.1,60690,22,TCP,244
2026-05-19 22:39:13,192.168.100.1,192.168.100.128,4839,53,UDP,1219
2026-05-19 22:39:16,192.168.100.128,192.168.100.129,13575,22,TCP,1375
2026-05-19 22:39:18,192.168.100.129,192.168.100.1,8394,53,UDP,983
2026-05-19 22:39:21,192.168.100.128,192.168.100.1,51585,53,UDP,1231
2026-05-19 22:39:24,192.168.100.128,192.168.100.1,8054,22,TCP,1377
2026-05-19 22:39:28,192.168.100.1,192.168.100.129,60778,123,UDP,738
2026-05-19 22:39:31,192.168.100.129,192.168.100.1,46258,25,TCP,875
2026-05-19 22:39:36,192.168.100.128,192.168.100.129,48229,25,TCP,742
2026-05-19 22:39:40,192.168.100.1,192.168.100.129,6784,53,UDP,1203
2026-05-19 22:39:44,192.168.100.128,192.168.100.129,4284,123,UDP,1425
2026-05-19 22:39:45,192.168.100.1,192.168.100.128,26500,25,TCP,730
2026-05-19 22:39:47,192.168.100.128,192.168.100.1,27070,80,TCP,883
2026-05-19 22:39:47,192.168.100.1,192.168.100.128,19622,123,UDP,564
2026-05-19 22:39:52,192.168.100.1,192.168.100.128,38077,80,TCP,666
2026-05-19 22:39:53,192.168.100.128,192.168.100.1,35132,123,UDP,1350
2026-05-19 22:39:56,192.168.100.128,192.168.100.129,2197,123,UDP,1437
2026-05-19 22:40:00,192.168.100.1,192.168.100.129,49146,22,TCP,344
2026-05-19 22:40:02,192.168.100.1,192.168.100.128,59840,25,TCP,1257
2026-05-19 22:40:05,192.168.100.1,192.168.100.129,43786,123,UDP,505
2026-05-19 22:40:07,192.168.100.1,192.168.100.129,63450,53,UDP,288
2026-05-19 22:40:09,192.168.100.1,192.168.100.129,38642,123,UDP,1060
2026-05-19 22:40:13,192.168.100.129,192.168.100.1,41225,123,UDP,165
2026-05-19 22:40:17,192.168.100.1,192.168.100.128,21705,25,TCP,489
2026-05-19 22:40:19,192.168.100.129,192.168.100.128,52058,25,TCP,1092
2026-05-19 22:40:23,192.168.100.128,192.168.100.1,35262,25,TCP,1261
2026-05-19 22:40:25,192.168.100.129,192.168.100.1,6419,53,UDP,1474
2026-05-19 22:40:27,192.168.100.129,192.168.100.128,61614,80,TCP,1362
2026-05-19 22:40:30,192.168.100.128,192.168.100.129,5861,53,UDP,438
2026-05-19 22:40:32,192.168.100.129,192.168.100.128,55620,443,TCP,324
2026-05-19 22:40:34,192.168.100.128,192.168.100.129,58441,25,TCP,744
2026-05-19 22:40:35,192.168.100.129,192.168.100.128,20255,443,TCP,1343
2026-05-19 22:40:36,192.168.100.129,192.168.100.128,49755,80,TCP,99
2026-05-19 22:40:41,192.168.100.1,192.168.100.129,10522,25,TCP,1383
2026-05-19 22:40:45,192.168.100.129,192.168.100.128,31038,53,UDP,462
2026-05-19 22:40:46,192.168.100.128,192.168.100.129,34467,80,TCP,546
2026-05-19 22:40:47,192.168.100.129,192.168.100.128,46619,123,UDP,784
2026-05-19 22:40:48,192.168.100.128,192.168.100.1,2455,80,TCP,656
2026-05-19 22:40:51,192.168.100.1,192.168.100.128,31782,443,TCP,1187
2026-05-19 22:40:56,192.168.100.1,192.168.100.128,43622,123,UDP,622
2026-05-19 22:40:59,192.168.100.129,192.168.100.1,39372,25,TCP,592
2026-05-19 22:41:04,192.168.100.129,192.168.100.1,16034,22,TCP,756
2026-05-19 22:41:08,192.168.100.128,192.168.100.1,20646,123,UDP,1277
2026-05-19 22:41:09,192.168.100.129,192.168.100.128,4620,443,TCP,1276
2026-05-19 22:41:13,192.168.100.129,192.168.100.128,23563,25,TCP,1488
2026-05-19 22:41:14,192.168.100.1,192.168.100.129,22551,123,UDP,305
2026-05-19 22:41:18,192.168.100.128,192.168.100.1,35989,22,TCP,1221
2026-05-19 22:41:19,192.168.100.128,192.168.100.1,48172,80,TCP,257
2026-05-19 22:41:23,192.168.100.128,192.168.100.129,47875,53,UDP,850
2026-05-19 22:41:27,192.168.100.129,192.168.100.1,61110,123,UDP,977
2026-05-19 22:41:30,192.168.100.128,192.168.100.129,6864,80,TCP,1395
2026-05-19 22:41:34,192.168.100.128,192.168.100.129,23008,443,TCP,1429
2026-05-19 22:41:36,192.168.100.129,192.168.100.1,25357,80,TCP,629
2026-05-19 22:41:36,192.168.100.128,192.168.100.129,39749,123,UDP,868
2026-05-19 22:41:39,192.168.100.1,192.168.100.128,28254,443,TCP,419
2026-05-19 22:41:41,192.168.100.129,192.168.100.1,26453,22,TCP,963
